Workbook

Sheet 团队日报汇总明细
A1: 厂商 | B1: 人员姓名 | C1: 工作日期 | D1: 星期几 | E1: 宏优所属部门 | F1: 工作方式 | G1: 工作内容 | H1: 消耗工时（小时） | I1: 备注
A2: 南洋 | B2: 路垚 | C2: 46002 | D2: =TEXT(C2,"aaaa") -> 星期四 | E2: 政企运维服务部 | F2: 现场 | G2: 授权标书编写 | H2: 6
A3: 南洋 | B3: 路垚 | C3: 46007 | D3: =TEXT(C3,"aaaa") -> 星期二 | E3: 政企运维服务部 | F3: 现场 | G3: 徐汇数据局语料调研 | H3: 8
A4: 南洋 | B4: 路垚 | C4: 46008 | D4: =TEXT(C4,"aaaa") -> 星期三 | E4: 政企运维服务部 | F4: 现场 | G4: 徐汇数据局语料调研 | H4: 8
A5: 南洋 | B5: 路垚 | C5: 46022 | D5: =TEXT(C5,"aaaa") -> 星期三 | E5: 政企运维服务部 | F5: 远程 | G5: 内部沟通机制协同调研 | H5: 2
A6: 南洋 | B6: 路垚 | C6: 46026 | D6: =TEXT(C6,"aaaa") -> 星期日 | E6: 政企运维服务部 | F6: 远程 | G6: 探数协同以及内部流程调研 | H6: 2
A7: 南洋 | B7: 路垚 | C7: 46027 | D7: =TEXT(C7,"aaaa") -> 星期一 | E7: 政企运维服务部 | F7: 远程 | G7: 探数协同以及内部流程调研 | H7: 2
A8: 南洋 | B8: 路垚 | C8: 46028 | D8: =TEXT(C8,"aaaa") -> 星期二 | E8: 政企运维服务部 | F8: 远程 | G8: 探数协同以及内部流程调研 | H8: 2
A9: 南洋 | B9: 路垚 | C9: 46029 | D9: =TEXT(C9,"aaaa") -> 星期三 | E9: 政企运维服务部 | F9: 远程 | G9: 探数协同以及内部流程调研 | H9: 2
A10: 南洋 | B10: 路垚 | C10: 46030 | D10: =TEXT(C10,"aaaa") -> 星期四 | E10: 政企运维服务部 | F10: 现场 | G10: 授权汇报材料编写 | H10: 4
A11: 南洋 | B11: 路垚 | C11: 46031 | D11: =TEXT(C11,"aaaa") -> 星期五 | E11: 政企运维服务部 | F11: 远程 | G11: 探数协同 | H11: 1
A12: 南洋 | B12: 路垚 | C12: 46034 | D12: =TEXT(C12,"aaaa") -> 星期一 | E12: 政企运维服务部 | F12: 远程 | G12: 探数协同 | H12: 1
A13: 南洋 | B13: 路垚 | C13: 46035 | D13: =TEXT(C13,"aaaa") -> 星期二 | E13: 政企运维服务部 | F13: 远程 | G13: 探数协同 | H13: 1
... A62: 南洋 | B62: 陆文靖 | C62: 46059 | D62: =TEXT(C62,"aaaa") -> 星期五 | E62: 政企运维服务部 | F62: 现场 | G62: 场地管理与运营 | H62: 8
A63: 南洋 | B63: 陆文靖 | C63: 46060 | D63: =TEXT(C63,"aaaa") -> 星期六 | E63: 政企运维服务部 | F63: 现场 | G63: 场地管理与运营 | H63: 8 | I63: 周末现场开会一天
A66: 南洋 | B66: 桂骁敏 | C66: 46060 | D66: =TEXT(C66,"aaaa") -> 星期六 | E66: 政企运维服务部 | F66: 现场 | G66: 数据授权项目运维工作支撑 | H66: 8 | I66: 周六启动会
A67: 南洋 | B67: 桂骁敏 | C67: 46063 | D67: =TEXT(C67,"aaaa") -> 星期二 | E67: 政企运维服务部 | F67: 现场 | G67: 数据授权平台选型方案讨论 | H67: 8
A68: 南洋 | B68: 桂骁敏 | C68: 46064 | D68: =TEXT(C68,"aaaa") -> 星期三 | E68: 政企运维服务部 | F68: 现场 | G68: 数据授权平台选型方案讨论 | H68: 8
A69: 南洋 | B69: 桂骁敏 | C69: 46065 | D69: =TEXT(C69,"aaaa") -> 星期四 | E69: 政企运维服务部 | F69: 远程 | G69: 运维与开发协同管控方案探讨 | H69: 4

Sheet 工时台账
A1: 姓名 | B1: 参与启始日期 | C1: 工时填报至 | D1: 总天数 | E1: 现场天数 | F1: 远程天数 | G1: 总小时数
A2: 路垚 | B2: =_xlfn.MINIFS(团队日报汇总明细!C:C,团队日报汇总明细!B:B,工时台账!A2) -> 46002 | C2: =_xlfn.MAXIFS(团队日报汇总明细!C:C,团队日报汇总明细!B:B,工时台账!A2) -> 46059 | D2: =COUNTIF(团队日报汇总明细!B:B,工时台账!A2) -> 29 | E2: =COUNTIFS(团队日报汇总明细!B:B,工时台账!A2,团队日报汇总明细!F:F,"现场") -> 6 | F2: =COUNTIFS(团队日报汇总明细!B:B,工时台账!A2,团队日报汇总明细!F:F,"远程") -> 23 | G2: =SUMIF(团队日报汇总明细!B:B,工时台账!A2,团队日报汇总明细!H:H) -> 73
A3: 萧建雯 | B3: =_xlfn.MINIFS(团队日报汇总明细!C:C,团队日报汇总明细!B:B,工时台账!A3) -> 46026 | C3: =_xlfn.MAXIFS(团队日报汇总明细!C:C,团队日报汇总明细!B:B,工时台账!A3) -> 46059 | D3: =COUNTIF(团队日报汇总明细!B:B,工时台账!A3) -> 25 | E3: =COUNTIFS(团队日报汇总明细!B:B,工时台账!A3,团队日报汇总明细!F:F,"现场") -> 25 | F3: =COUNTIFS(团队日报汇总明细!B:B,工时台账!A3,团队日报汇总明细!F:F,"远程") -> 0 | G3: =SUMIF(团队日报汇总明细!B:B,工时台账!A3,团队日报汇总明细!H:H) -> 200
A4: 赵军科 | B4: =_xlfn.MINIFS(团队日报汇总明细!C:C,团队日报汇总明细!B:B,工时台账!A4) -> 46056 | C4: =_xlfn.MAXIFS(团队日报汇总明细!C:C,团队日报汇总明细!B:B,工时台账!A4) -> 46057 | D4: =COUNTIF(团队日报汇总明细!B:B,工时台账!A4) -> 2 | E4: =COUNTIFS(团队日报汇总明细!B:B,工时台账!A4,团队日报汇总明细!F:F,"现场") -> 2 | F4: =COUNTIFS(团队日报汇总明细!B:B,工时台账!A4,团队日报汇总明细!F:F,"远程") -> 0 | G4: =SUMIF(团队日报汇总明细!B:B,工时台账!A4,团队日报汇总明细!H:H) -> 8
A5: 陆文靖 | B5: =_xlfn.MINIFS(团队日报汇总明细!C:C,团队日报汇总明细!B:B,工时台账!A5) -> 46055 | C5: =_xlfn.MAXIFS(团队日报汇总明细!C:C,团队日报汇总明细!B:B,工时台账!A5) -> 46060 | D5: =COUNTIF(团队日报汇总明细!B:B,工时台账!A5) -> 6 | E5: =COUNTIFS(团队日报汇总明细!B:B,工时台账!A5,团队日报汇总明细!F:F,"现场") -> 6 | F5: =COUNTIFS(团队日报汇总明细!B:B,工时台账!A5,团队日报汇总明细!F:F,"远程") -> 0 | G5: =SUMIF(团队日报汇总明细!B:B,工时台账!A5,团队日报汇总明细!H:H) -> 48

Sheet 字典
A1: 南洋 | B1: 数据 | C1: 现场
B2: 安全 | C2: 远程
B3: 平台
B4: 运维
B5: 上链
B6: 创新
